{"chunk_definitions":[{"chunk_id":"csetup_chunk","chunk_label":"setup","document_id":"D6B58262","expansion_state":0,"options":{"engine":"r","include":false,"label":"setup"},"row":31,"row_count":1,"visible":true},{"chunk_id":"cmvczh7q3opnu","chunk_label":"unnamed-chunk-1","document_id":"D6B58262","expansion_state":0,"options":{"engine":"r","label":"unnamed-chunk-95","message":false,"warning":false},"row":189,"row_count":1,"visible":true},{"chunk_id":"cuc4dw4g7ckub","chunk_label":"unnamed-chunk-2","document_id":"D6B58262","expansion_state":0,"options":{"engine":"r","label":"unnamed-chunk-96"},"row":205,"row_count":1,"visible":true}],"default_chunk_options":{"cache":true,"echo":false},"doc_write_time":1584211565,"working_dir":"data/"}