"0","knitr::opts_chunk$set(echo = F, cache = T)"
"0","# You will need to replace with the path to the data directory on your machine"
"0","knitr::opts_knit$set(root.dir = 'data/')"
"0","  library(httr)"
"0","  library(jsonlite)"
"0","  library(fingerprint)"
"0","  library(rcdk)"
"0","  library(ggplot2)"
"0","  library(ggtree)"
"0","  library(ape)"
"0","  library(phangorn)"
"0","  library(limma)"
"0","  library(digest)"
"0","  library(factoextra)"
"0","  library(NbClust)"
"0","  library(reshape2)"
"0","  library(scales)"
