"0","breaks <- seq(from=min(range(-0.05)), to=max(range(0.05)), length.out=1000)"
"0","midpoint <- which.min(abs(breaks - 0))"
"0","rampCol1 <- colorRampPalette(c(""#00e8f0"",""#0d78ca"", ""#002060""))(midpoint)"
"0","rampCol2 <- colorRampPalette(c( ""#600000"", ""red"", ""#FF4D4D""))(1000-(midpoint))"
"0","rampCols <- c(rampCol1,rampCol2)"
"0",""
"0","pheatmap(sig.df.mat,color = rampCols, breaks = breaks, annotation_row = group, gaps_col =""1"", cellwidth = 50, cellheight = 10, treeheight_row = 100, treeheight_col = 100,  cluster_row = F, cluster_col = F, fontsize = 10, legend = T, filename = ""FA clustering_tail length order_ALL_Lipids.tiff"") "
"0",""
"0","sig.df.nonzero <- sig.df.mat[!(rowSums(is.na(sig.df.mat))==NCOL(sig.df.mat)),] "
"0",""
"0","pheatmap(sig.df.nonzero, color = rampCols, breaks = breaks,annotation_row = group, gaps_col =""1"", cellwidth = 50, cellheight = 10, treeheight_row = 100, treeheight_col = 100,  cluster_row = F, cluster_col = F, fontsize = 10, legend = T, filename = ""FA clustering_tail length order_SIG_Lipids.png"")"
"0",""
