{"chunk_definitions":[{"chunk_id":"csetup_chunk","chunk_label":"setup","document_id":"7405A841","expansion_state":0,"options":{"engine":"r","include":false,"label":"setup"},"row":26,"row_count":1,"visible":true},{"chunk_id":"ckfyf8a0ujbm3","chunk_label":"unnamed-chunk-1","document_id":"7405A841","expansion_state":0,"options":{"engine":"r","include":false,"label":"unnamed-chunk-74"},"row":34,"row_count":1,"visible":true},{"chunk_id":"c1b64k4kwp8lt","chunk_label":"pressure","document_id":"7405A841","expansion_state":0,"options":{"echo":false,"engine":"r","include":false,"label":"pressure"},"row":89,"row_count":1,"visible":true},{"chunk_id":"c21rtpvso0fa8","chunk_label":"unnamed-chunk-2","document_id":"7405A841","expansion_state":0,"options":{"echo":false,"engine":"r","label":"unnamed-chunk-77"},"row":122,"row_count":1,"visible":true},{"chunk_id":"ckt5s4ciiarww","chunk_label":"unnamed-chunk-3","document_id":"7405A841","expansion_state":0,"options":{"echo":false,"engine":"r","fig.height":16,"fig.width":16,"label":"unnamed-chunk-78","message":false,"warning":false},"row":145,"row_count":1,"visible":true}],"chunk_rendered_width":700,"default_chunk_options":{"cache":true,"echo":false},"doc_write_time":1584211408,"working_dir":"data/"}