"0","#color by the property (For dyes it was color) "
"0","sig.df_1 <- sig.df"
"0",""
"0","#load all desc."
"0","cmpds <- read.csv(""lipid_color_classification.csv"", header= TRUE)"
"0",""
"0","#color by the property (Using HG classification)"
"0","sortMat2 = cmpds"
"0",""
"0","##Need to normalize columns"
"0","##scale() does this"
"0","##use uncorrelated desc. file"
"0","matTrans2 <- scale(sortMat2[,names(cmpds$Name)[2:ncol(cmpds)]])"
"0",""
"0","#colorby property (Property is desc. col. name like p-value)"
"0","HG = cmpds$HG"
"0",""
"0","#cols for three tier plot"
"0","#Easy control of color assignments. ""Name"" = ""Color"""
"0","#""Name"" is the cell value inside original dataframe."
"0",""
"0",""
"0","cols10 =c(""Cer"" = ""ghostwhite"",""Gal/GlcCer"" = ""purple"", ""SM"" = ""black"", ""PE"" = ""#F86624"",""PC"" = ""lightskyblue"",""PC O-"" = ""pink2"", ""PS"" = ""springgreen"",""PE O-"" = ""darkorchid4"" ,""PE P-""=""gold1"", ""PI"" = ""blue"", ""PG"" = ""forestgreen"", ""TG"" = ""maroon2"", ""DG"" = ""turquoise2"", ""PC P-"" = ""red"")"
"0",""
"0",""
"0","to_plot3= as.data.frame(cbind(sig.df_1[,c(""PRE vs. Ctrl"")], "
"0","                              sig.df_1[,c(""GDM vs. Ctrl"")])) "
"0","names(to_plot3)=c(""PRE"", ""GDM"")"
"0","rownames(to_plot3) = rownames(sig.df_1)"
