abbrev,smi
Cer+(d18:0_22:0),[C@](CO)([H])(NC(CCCCCCCCCCCCCCCCCCCCC)=O)[C@]([H])(O)CCCCCCCCCCCCCCC
Cer+(d18:0_24:0),[C@](CO)([H])(NC(CCCCCCCCCCCCCCCCCCCCCCC)=O)[C@]([H])(O)CCCCCCCCCCCCCCC
Cer+(d18:0_24:1),[C@](CO)([H])(NC(CCCCCCCCCCCCC/C=C\CCCCCCCC)=O)[C@]([H])(O)CCCCCCCCCCCCCCC
Cer+(d18:1_23:0),[C@](CO)([H])(NC(CCCCCCCCCCCCCCCCCCCCCC)=O)[C@]([H])(O)/C=C/CCCCCCCCCCCCC
Cer+(d18:1_24:0),[C@](CO)([H])(NC(CCCCCCCCCCCCCCCCCCCCCCC)=O)[C@]([H])(O)/C=C/CCCCCCCCCCCCC
Cer+(d18:1_24:1),[C@](CO)([H])(NC(CCCCCCCCCCCCC/C=C\CCCCCCCC)=O)[C@]([H])(O)/C=C/CCCCCCCCCCCCC
DG(16:0_18:1),OC[C@]([H])(OC(CCCCCCC/C=C\CCCCCCCC)=O)COC(CCCCCCCCCCCCCCC)=O
DG(16:0_18:2),OC[C@]([H])(OC(CCCCCCC/C=C\C/C=C\CCCCC)=O)COC(CCCCCCCCCCCCCCC)=O
DG(16:0_18:2);DG(16:1_18:1),OC[C@]([H])(OC(CCCCCCC/C=C\C/C=C\CCCCC)=O)COC(CCCCCCCCCCCCCCC)=O
DG(18:0_18:1),OC[C@]([H])(OC(CCCCCCC/C=C\CCCCCCCC)=O)COC(CCCCCCCCCCCCCCCCC)=O
DG(18:0_18:2);DG(18:1_18:1),OC[C@]([H])(OC(CCCCCCC/C=C\C/C=C\CCCCC)=O)COC(CCCCCCCCCCCCCCCCC)=O
DG(18:1_18:1),OC[C@]([H])(OC(CCCCCCC/C=C\CCCCCCCC)=O)COC(CCCCCCC/C=C\CCCCCCCC)=O
DG(18:1_18:2),OC[C@]([H])(OC(CCCCCCC/C=C\C/C=C\CCCCC)=O)COC(CCCCCCC/C=C\CCCCCCCC)=O
DG(18:2_18:2),OC[C@]([H])(OC(CCCCCCC/C=C\C/C=C\CCCCC)=O)COC(CCCCCCC/C=C\C/C=C\CCCCC)=O
DG(18:2_18:2);DG(18:1_18:3),OC[C@]([H])(OC(CCCCCCC/C=C\C/C=C\CCCCC)=O)COC(CCCCCCC/C=C\C/C=C\CCCCC)=O
GalCer+(24:1_d18:1),[C@](CO[C@@H]1OC(CO)[C@H](O)[C@H](O)C1O)([H])(NC(CCCCCCCCCCCCCCCCCCCCC)=O)[C@]([H])(O)/C=C/CCCCCCCCCCCCC
GalCer+(d18:1_22:0),[C@](CO[C@@H]1OC(CO)[C@H](O)[C@H](O)C1O)([H])(NC(CCCCCCCCCCCCCCCCCCCCCCC)=O)[C@]([H])(O)/C=C/CCCCCCCCCCCCC
GalCer+(d18:1_24:0),[C@](CO[C@@H]1OC(CO)[C@H](O)[C@H](O)C1O)([H])(NC(CCCCCCCCCCCCC/C=C\CCCCCCCC)=O)[C@]([H])(O)/C=C/CCCCCCCCCCCCC
GalCer+(d18:1_24:1),[C@](CO[C@@H]1OC(CO)[C@H](O)[C@H](O)C1O)([H])(NC(CCCCCCCCCCCCC/C=C\CCCCCCCC)=O)[C@]([H])(O)/C=C/CCCCCCCCCCCCC
PC(0:0_14:0),[C@](COP(=O)([O-])OCC[N+](C)(C)C)([H])(OC(CCCCCCCCCCCCC)=O)CO
PC(0:0_16:0),[C@](COP(=O)([O-])OCC[N+](C)(C)C)([H])(OC(CCCCCCCCCCCCCCC)=O)CO
PC(0:0_18:0),[C@](COP(=O)([O-])OCC[N+](C)(C)C)([H])(OC(CCCCCCCCCCCCCCCCC)=O)CO
PC(0:0_18:1),[C@](COP(=O)([O-])OCC[N+](C)(C)C)([H])(OC(CCCC/C=C\CCCCCCCCCCC)=O)CO
PC(0:0_20:4),[C@](COP(=O)([O-])OCC[N+](C)(C)C)([H])(OC(CCC/C=C\C/C=C\C/C=C\C/C=C\CCCCC)=O)CO
PC(14:0_16:0),[C@](COP(=O)([O-])OCC[N+](C)(C)C)([H])(OC(CCCCCCCCCCCCCCC)=O)COC(CCCCCCCCCCCCC)=O
PC(14:0_18:1);PC(16:0_16:1),[C@](COP(=O)([O-])OCC[N+](C)(C)C)([H])(OC(CCCCCCCCCCCCC)=O)COC(CCCCCCC/C=C\CCCCCCCC)=O
PC(14:0_18:3),[C@](COP(=O)([O-])OCC[N+](C)(C)C)([H])(OC(CCCCCCC/C=C\C/C=C\C/C=C\CC)=O)COC(CCCCCCCCCCCCC)=O
PC(14:0_20:4),[C@](COP(=O)([O-])OCC[N+](C)(C)C)([H])(OC(CCCCCCCCCCCCC)=O)COC(CCCCCC/C=C\C/C=C\C/C=C\C/C=C\CC)=O
PC(14:0_22:6),[C@](COP(=O)([O-])OCC[N+](C)(C)C)([H])(OC(CC/C=C\C/C=C\C/C=C\C/C=C\C/C=C\C/C=C\CC)=O)COC(CCCCCCCCCCCCC)=O
PC(15:0_0:0),[C@](COP(=O)([O-])OCC[N+](C)(C)C)([H])(O)COC(CCCCCCCCCCCCCC)=O
PC(15:0_18:1);PC(16:0_17:1),[C@](COP(=O)([O-])OCC[N+](C)(C)C)([H])(OC(CCCCCCCCC/C=C\CCCCCC)=O)COC(CCCCCCCCCCCCCC)=O
PC(15:0_18:2),[C@](COP(=O)([O-])OCC[N+](C)(C)C)([H])(OC(CCCCCCC/C=C\C/C=C\CCCCC)=O)COC(CCCCCCCCCCCCCC)=O
PC(15:0_20:3),[C@](COP(=O)([O-])OCC[N+](C)(C)C)([H])(OC(CCCCCCCCCCCCCC)=O)COC(CCCCCC/C=C\C/C=C\C/C=C\CCCCC)=O
PC(15:0_20:4),[C@](COP(=O)([O-])OCC[N+](C)(C)C)([H])(OC(CCCCCCCCCCCCCC)=O)COC(CCC/C=C\C/C=C\C/C=C\C/C=C\CCCCC)=O
PC(15:0_22:6),[C@](COP(=O)([O-])OCC[N+](C)(C)C)([H])(OC(CC/C=C\C/C=C\C/C=C\C/C=C\C/C=C\C/C=C\CC)=O)COC(CCCCCCCCCCCCCC)=O
PC(16:0_16:0),[C@](COP(=O)([O-])OCC[N+](C)(C)C)([H])(OC(CCCCCCCCCCCCCCC)=O)COC(CCCCCCCCCCCCCCC)=O
PC(16:0_18:0),[C@](COP(=O)([O-])OCC[N+](C)(C)C)([H])(OC(CCCCCCCCCCCCCCC)=O)COC(CCCCCCCCCCCCCCCCC)=O
PC(16:0_18:1),[C@](COP(=O)([O-])OCC[N+](C)(C)C)([H])(OC(CCCCCCCCC/C=C\CCCCCC)=O)COC(CCCCCCCCCCCCCCC)=O
PC(16:0_18:2),[C@](COP(=O)([O-])OCC[N+](C)(C)C)([H])(OC(CCCCCCCCCCCCCCC)=O)COC(CCCC/C=C\C/C=C\CCCCCCCC)=O
PC(16:0_18:2);PC(16:1_18:1),[C@](COP(=O)([O-])OCC[N+](C)(C)C)([H])(OC(CCCCCCCCCCCCCCC)=O)COC(CCCC/C=C\C/C=C\CCCCCCCC)=O
PC(16:0_18:3);PC(18:2_16:1),[C@](COP(=O)([O-])OCC[N+](C)(C)C)([H])(OC(CCCCCCC/C=C\C/C=C\C/C=C\CC)=O)COC(CCCCCCCCCCCCCCC)=O
PC(16:0_19:1),[C@](COP(=O)([O-])OCC[N+](C)(C)C)([H])(OC(CCCCCCCCCCCCCCC)=O)COC(CCCCCCC/C=C\CCCCCCCCC)=O
PC(16:0_20:1),[C@](COP(=O)([O-])OCC[N+](C)(C)C)([H])(OC(CCCCCCCCCCCCCCC)=O)COC(CCCCCCCCC/C=C\CCCCCCCC)=O
PC(16:0_20:3),[C@](COP(=O)([O-])OCC[N+](C)(C)C)([H])(OC(CCCCCC/C=C\C/C=C\C/C=C\CCCCC)=O)COC(CCCCCCCCCCCCCCC)=O
PC(16:0_20:4),[C@](COP(=O)([O-])OCC[N+](C)(C)C)([H])(OC(CCCCCCCCCCCCCCC)=O)COC(CCC/C=C\C/C=C\C/C=C\C/C=C\CCCCC)=O
PC(16:0_22:4);PC(18:1_20:3),[C@](COP(=O)([O-])OCC[N+](C)(C)C)([H])(OC(CCCCC/C=C\C/C=C\C/C=C\C/C=C\CCCCC)=O)COC(CCCCCCCCCCCCCCC)=O
PC(16:0_22:5);PC(18:1_20:4),[C@](COP(=O)([O-])OCC[N+](C)(C)C)([H])(OC(CC/C=C\C/C=C\C/C=C\C/C=C\C/C=C\CCCCC)=O)COC(CCCCCCCCCCCCCCC)=O
PC(16:0_22:6),[C@](COP(=O)([O-])OCC[N+](C)(C)C)([H])COC(CCCCCCCCCCCCCCC)=O(OC(CC/C=C\C/C=C\C/C=C\C/C=C\C/C=C\CCCCC)=O)
PC(16:0_O-16:0),[C@](COP(=O)([O-])OCC[N+](C)(C)C)([H])(OC(CCCCCCCCCCCCCCC)=O)COC(CC/C=C\C/C=C\C/C=C\C/C=C\C/C=C\C/C=C\CC)=O
PC(16:1_0:0),[C@](COP(=O)([O-])OCC[N+](C)(C)C)([H])(OC(CCCCCCCCCCCCCCC)=O)COCCCCCCCCCCCCCCCC
PC(16:1_16:1);PC(14:0_18:2);PC(14:0_18:2),[C@](COP(=O)([O-])OCC[N+](C)(C)C)([H])(O)COC(CCCCCCC/C=C/CCCCCC)=O
PC(16:1_18:2),[C@](COP(=O)([O-])OCC[N+](C)(C)C)([H])(OC(CCCCCCC/C=C\CCCCCC)=O)COC(CCCCCCC/C=C\CCCCCC)=O
PC(16:1_20:4),[C@](COP(=O)([O-])OCC[N+](C)(C)C)([H])(OC(CCCCCCC/C=C\CCCCCC)=O)COC(CCCCCCC/C=C\C/C=C\CCCCC)=O
PC(16:1_22:6),[C@](COP(=O)([O-])OCC[N+](C)(C)C)([H])(OC(CCC/C=C\C/C=C\C/C=C\C/C=C\CCCCC)=O)COC(CCCCC/C=C\CCCCCCCC)=O
PC(17:0_0:0),[C@](COP(=O)([O-])OCC[N+](C)(C)C)([H])COC(CCCCC/C=C\CCCCCCCC)=O(OC(CCC/C=C\C/C=C\C/C=C\C/C=C\CCCCC)=O)
PC(17:0_18:1),[C@](COP(=O)([O-])OCC[N+](C)(C)C)([H])(OC(CC/C=C\C/C=C\C/C=C\C/C=C\C/C=C\C/C=C\CC)=O)COC(CCCCC/C=C\CCCCCCCC)=O
PC(17:0_18:2),[C@](COP(=O)([O-])OCC[N+](C)(C)C)([H])(O)COC(CCCCCCCCCCCCCCCC)=O
PC(17:0_20:3),[C@](COP(=O)([O-])OCC[N+](C)(C)C)([H])(OC(CCCCCCCCCCCCCCCC)=O)COC(CCCCCCC/C=C\CCCCCCCC)=O
PC(17:0_20:4),[C@](COP(=O)([O-])OCC[N+](C)(C)C)([H])(OC(CCCCCCCCCCCCCCCC)=O)COC(CCCCCCC/C=C\C/C=C\CCCCC)=O
PC(17:0_22:6),[C@](COP(=O)([O-])OCC[N+](C)(C)C)([H])COC(CCCCCCC/C=C\C/C=C\CCCCC)=O(OC(CCCCCCCCCCCCCCCC)=O)
PC(18:0_18:1),[C@](COP(=O)([O-])OCC[N+](C)(C)C)([H])(OC(CCCCCCCCCCCCCCCC)=O)COC(CCCCCC/C=C\C/C=C\C/C=C\CCCCC)=O
PC(18:0_18:2);PC(16:0_20:2);PC(18:1_18:1),[C@](COP(=O)([O-])OCC[N+](C)(C)C)([H])(OC(CCC/C=C\C/C=C\C/C=C\C/C=C\CCCCC)=O)COC(CCCCCCCCCCCCCCCC)=O
PC(18:0_20:3),[C@](COP(=O)([O-])OCC[N+](C)(C)C)([H])COC(CCCCCCCCCCCCCCCC)=O(OC(CCC/C=C\C/C=C\C/C=C\C/C=C\CCCCC)=O)
PC(18:0_20:4),[C@](COP(=O)([O-])OCC[N+](C)(C)C)([H])(OC(CCCCCCCCCCCCCCCC)=O)COC(CC/C=C\C/C=C\C/C=C\C/C=C\C/C=C\C/C=C\CC)=O
PC(18:0_22:4),[C@](COP(=O)([O-])OCC[N+](C)(C)C)([H])(OC(CCCCCCCCCCCCCCCCC)=O)COC(CCCCCCC/C=C\CCCCCCCC)=O
PC(18:0_22:5);PC(20:1_20:4),[C@](COP(=O)([O-])OCC[N+](C)(C)C)([H])(OC(CCCCCCCCCCCCCCCCC)=O)COC(CCCCCCC/C=C\C/C=C\CCCCC)=O
PC(18:0_22:6),[C@](COP(=O)([O-])OCC[N+](C)(C)C)([H])(OC(CCCCCCCCCCCCCCCCC)=O)COC(CCCCCC/C=C\C/C=C\C/C=C\CCCCC)=O
PC(18:1_18:2),[C@](COP(=O)([O-])OCC[N+](C)(C)C)([H])(OC(CCCCCC/C=C\C/C=C\C/C=C\C/C=C\CC)=O)COC(CCCCCCCCCCCCCCCCC)=O
PC(18:1_20:1),[C@](COP(=O)([O-])OCC[N+](C)(C)C)([H])(OC(CCCCCCCCCCCCCCCCC)=O)COC(CCCCC/C=C\C/C=C\C/C=C\C/C=C\CCCCC)=O
PC(18:1_22:6),[C@](COP(=O)([O-])OCC[N+](C)(C)C)([H])(OC(CCCCC/C=C\C/C=C\C/C=C\C/C=C\C/C=C\CC)=O)COC(CCCCCCCCCCCCCCCCC)=O
PC(18:2_0:0),[C@](COP(=O)([O-])OCC[N+](C)(C)C)([H])COC(CCCCCCCCCCCCCCCCC)=O(OC(CCCCC/C=C\C/C=C\C/C=C\C/C=C\C/C=C\CC)=O)
PC(18:2_17:0),[C@](COP(=O)([O-])OCC[N+](C)(C)C)([H])(OC(CCCCCCC/C=C\C=C/C=C\C=C/C=C\C=C\CC)=O)COC(CCCCCCCCCCCCCCCCC)=O
PC(18:2_18:2),[C@](COP(=O)([O-])OCC[N+](C)(C)C)([H])(OC(CCCCCCC/C=C\C/C=C\CCCCC)=O)COC(CCCCCCC/C=C\CCCCCCCC)=O
PC(18:2_19:0),[C@](COP(=O)([O-])OCC[N+](C)(C)C)([H])(OC(CCCCCCCCC/C=C\CCCCCCCC)=O)COC(CCCCCCC/C=C\CCCCCCCC)=O
PC(18:2_20:4);PC(18:1_20:5),[C@](COP(=O)([O-])OCC[N+](C)(C)C)([H])(OC(CCCCCC/C=C\C/C=C\C/C=C\C/C=C\CC)=O)COC(CCCCCCC/C=C\CCCCCCCC)=O
PC(18:2_22:6);PC(20:4_20:4),[C@](COP(=O)([O-])OCC[N+](C)(C)C)([H])(OC(CC/C=C\C/C=C\C/C=C\C/C=C\C/C=C\C/C=C\CC)=O)COC(CCCCCCC/C=C\CCCCCCCC)=O
PC(20:0_0:0),[C@](COP(=O)([O-])OCC[N+](C)(C)C)([H])(O)COC(/C=C/C=C/CCCCCCCCCCCCC)=O
PC(20:1_0:0),[C@](COP(=O)([O-])OCC[N+](C)(C)C)([H])(OC(CCCCCCC/C=C\C/C=C\CCCCC)=O)COC(CCCCCCC/C=C\C/C=C\CCCCC)=O
PC(20:2_0:0),[C@](COP(=O)([O-])OCC[N+](C)(C)C)([H])(OC(CCCCCCC/C=C\C/C=C\CCCCC)=O)COC(CCCCCCCCCCCCCCCCCC)=O
PC(20:3_0:0),[C@](COP(=O)([O-])OCC[N+](C)(C)C)([H])(OC(CCC/C=C\C/C=C\C/C=C\C/C=C\CCCCC)=O)COC(CCCCCCC/C=C\C/C=C\CCCCC)=O
PC(20:4_16:1);PC(16:0_20:5),[C@](COP(=O)([O-])OCC[N+](C)(C)C)([H])(OC(CC/C=C\C/C=C\C/C=C\C/C=C\C/C=C\C/C=C\CC)=O)COC(CCCCCCC/C=C\C/C=C\CCCCC)=O
PC(20:4_17:0),[C@](COP(=O)([O-])OCC[N+](C)(C)C)([H])(O)COC(CCCCCCCCCCCCCCCCCCC)=O
PC(20:4_18:1),[C@](COP(=O)([O-])OCC[N+](C)(C)C)([H])(O)COC(CCCCCCC/C=C\CCCCCCCCCC)=O
PC(20:4_22:6),[C@](COP(=O)([O-])OCC[N+](C)(C)C)([H])(O)COC(CCCCCCCCC/C=C\C/C=C\CCCCC)=O
PC(20:5_22:0),C(OP(OCC[N+](C)(C)C)(=O)[O-])[C@@](O)([H])COC(=O)CCC/C=C\C/C=C\C/C=C\CCCCCCCC
PC(22:5_16:0),[C@](COP(=O)([O-])OCC[N+](C)(C)C)([H])(OC(CC/C=C\C/C=C\C/C=C\C/C=C\C/C=C\C/C=C\CC)=O)COC(CCC/C=C\C/C=C\C/C=C\C/C=C\CCCCC)=O
PC(22:5_18:0),[C@](COP(=O)([O-])OCC[N+](C)(C)C)([H])(OC(CCC/C=C\C/C=C\C/C=C\C/C=C\C/C=C\CC)=O)COC(CCCCCCCCCCCCCCCCCCCCC)=O
PC(22:6_0:0),[C@](COP(=O)([O-])OCC[N+](C)(C)C)([H])(O)COC(CC/C=C\C/C=C\C/C=C\C/C=C\C/C=C\C/C=C\CC)=O
PC(22:6_P-18:0),[C@]([H])(OC(CCCCCCC/C=C\CCCCCCCC)=O)(COP(=O)([O-])OCC[N+](C)(C)C)COCCCCCCCCCCCCCCCC
PC(O-16:0_18:1),[C@](COP(=O)([O-])OCC[N+](C)(C)C)([H])(OC(CCCCCCC/C=C\C/C=C\CCCCC)=O)COCCCCCCCCCCCCCCCC
PC(O-16:0_18:2),[C@](COP(=O)([O-])OCC[N+](C)(C)C)([H])(OC(CCCCCC/C=C\C/C=C\C/C=C\CCCCC)=O)COCCCCCCCCCCCCCCCC
PC(O-16:0_20:3),[C@](COP(=O)([O-])OCC[N+](C)(C)C)([H])(OC(CCCCCC/C=C\C/C=C\C/C=C\C/C=C\CC)=O)COCCCCCCCCCCCCCCCC
PC(O-16:0_20:4),[C@](COP(=O)([O-])OCC[N+](C)(C)C)([H])(OC(CCCCC/C=C\C/C=C\C/C=C\C/C=C\CCCCC)=O)COCCCCCCCCCCCCCCCC
PC(O-16:0_22:4),[C@](COP(=O)([O-])OCC[N+](C)(C)C)([H])(OC(CC/C=C\C/C=C\C/C=C\C/C=C\C/C=C\C/C=C\CC)=O)COCCCCCCCCCCCCCCCC
PC(O-16:0_22:6),[C@](COP(=O)([O-])OCC[N+](C)(C)C)([H])(OC(CCCCCCCCCCCCCCC)=O)COCCCCCCCCCCCCCCCCCC
PC(O-18:0_16:0),[C@](COP(=O)([O-])OCC[N+](C)(C)C)([H])(OC(CCCCCCC/C=C\CCCCCCCC)=O)COCCCCCCCCCCCCCCCCCC
PC(O-18:0_18:1),[C@](COP(=O)([O-])OCC[N+](C)(C)C)([H])(OC(CC/C=C\C/C=C\C/C=C\C/C=C\C/C=C\C/C=C\CC)=O)COCCCCCCCCCCCCCCCCCC
PC(O-18:0_22:6),[C@](COP(=O)([O-])OCC[N+](C)(C)C)([H])(OC(CCCCCCC/C=C\C/C=C\CCCCC)=O)COCCCCCCCC/C=C\CCCCCCCC
PC(O-18:1_18:2),[C@](COP(=O)([O-])OCC[N+](C)(C)C)([H])(OC(CCC/C=C\C/C=C\C/C=C\C/C=C\CCCCC)=O)COCCCCCCCC/C=C\CCCCCCCC
PC(O-18:1_20:4);PC(O-16:0_22:5),[C@](COP(=O)([O-])OCC[N+](C)(C)C)([H])(OC(CCCCCC/C=C\C/C=C\C/C=C\C/C=C\CC)=O)COCCCCCCCCCCCCCCCCCCCC
PC(O-20:0_20:4),[C@](COP(=O)([O-])OCC[N+](C)(C)C)([H])(OC(CCCCCCCCCCCCCCC)=O)CO/C=C\CCCCCCCCCCCCCC
PC(P-16:0_16:0),[C@](COP(=O)([O-])OCC[N+](C)(C)C)([H])(OC(CC/C=C\C/C=C\C/C=C\C/C=C\C/C=C\C/C=C\CC)=O)CO/C=C\CCCCCCCCCCCCCCCC
PC(P-18:0_22:6),[C@](COP(=O)([O-])OCC[N+](C)(C)C)([H])(OC(CC/C=C\C/C=C\C/C=C\C/C=C\C/C=C\C/C=C\CC)=O)CO/C=C\CCCCCCCCCCCCCCCC
PE(16:0_0:0),[C@](COP(=O)(O)OCCN)([H])(O)COC(CCCCCCCCCCCCCCC)=O
PE(16:0_18:1),[C@](COP(=O)(O)OCCN)([H])(OC(CCCCCCC/C=C\CCCCCCCC)=O)COC(CCCCCCCCCCCCCCC)=O
PE(16:0_18:2),[C@](COP(=O)(O)OCCN)([H])(OC(CCCCCCC/C=C\C/C=C\CCCCC)=O)COC(CCCCCCCCCCCCCCC)=O
PE(16:0_18:3),[C@](COP(=O)(O)OCCN)([H])(OC(CCCCCCCCCCCCCCC)=O)COC(CCCC/C=C\C/C=C\C/C=C\CCCCC)=O
PE(16:0_20:4),[C@](COP(=O)(O)OCCN)([H])(OC(CCC/C=C\C/C=C\C/C=C\C/C=C\CCCCC)=O)COC(CCCCCCCCCCCCCCC)=O
PE(16:0_22:6),[C@](COP(=O)(O)OCCN)([H])(OC(CC/C=C\C/C=C\C/C=C\C/C=C\C/C=C\C/C=C\CC)=O)COC(CCCCCCCCCCCCCCC)=O
PE(18:0_0:0),[C@](COP(=O)(O)OCCN)([H])(O)COC(CCCCCCCCCCCCCCCCC)=O
PE(18:0_18:1),[C@](COP(=O)(O)OCCN)([H])(OC(CCCCCCC/C=C\CCCCCCCC)=O)COC(CCCCCCCCCCCCCCCCC)=O
PE(18:0_18:2),[C@](COP(=O)(O)OCCN)([H])(OC(CCCCCCC/C=C\C/C=C\CCCCC)=O)COC(CCCCCCCCCCCCCCCCC)=O
PE(18:0_20:4),[C@](COP(=O)(O)OCCN)([H])(OC(CCC/C=C\C/C=C\C/C=C\C/C=C\CCCCC)=O)COC(CCCCCCCCCCCCCCCCC)=O
PE(18:0_22:6),[C@](COP(=O)(O)OCCN)([H])(OC(CCCCCCCCCCCCCCCCC)=O)COC(CC/C=C\C/C=C\C/C=C\C/C=C\C/C=C\C/C=C\CC)=O
PE(18:1_0:0),[C@](COP(=O)(O)OCCN)([H])(O)COC(CCCCCCC/C=C\CCCCCCCC)=O
PE(18:1_18:2),[C@](COP(=O)(O)OCCN)([H])(OC(CCCCCCC/C=C\C/C=C\CCCCC)=O)COC(CCCCCCC/C=C\CCCCCCCC)=O
PE(18:1_20:4),[C@](COP(=O)(O)OCCN)([H])(OC(CCC/C=C\C/C=C\C/C=C\C/C=C\CCCCC)=O)COC(CCCCCCC/C=C\CCCCCCCC)=O
PE(18:2_0:0),[C@](COP(=O)(O)OCCN)([H])(O)COC(CCCCCCC/C=C\C/C=C\CCCCC)=O
PE(P-16:0_18:2),[C@](COP(=O)(O)OCCN)([H])(OC(CCCCCCC/C=C\C/C=C\CCCCC)=O)CO/C=C\CCCCCCCCCCCCCC
PE(P-16:0_20:4),[C@](COP(=O)(O)OCCN)([H])(OC(CCC/C=C\C/C=C\C/C=C\C/C=C\CCCCC)=O)CO/C=C\CCCCCCCCCCCCCC
PE(P-16:0_22:6),[C@](COP(=O)(O)OCCN)([H])(OC(CC/C=C\C/C=C\C/C=C\C/C=C\C/C=C\C/C=C\CC)=O)CO/C=C\CCCCCCCCCCCCCC
PE(P-18:0_18:1),[C@](COP(=O)(O)OCCN)([H])(OC(CCCCCCC/C=C\CCCCCCCC)=O)CO/C=C\CCCCCCCCCCCCCCCC
PE(P-18:0_18:2),[C@](COP(=O)(O)OCCN)([H])(OC(CCCCCCC/C=C\C/C=C\CCCCC)=O)CO/C=C\CCCCCCCCCCCCCCCC
PE(P-18:0_20:4),[C@](COP(=O)(O)OCCN)([H])(OC(CCC/C=C\C/C=C\C/C=C\C/C=C\CCCCC)=O)CO/C=C\CCCCCCCCCCCCCCCC
PE(P-18:0_22:4),[C@](COP(=O)(O)OCCN)([H])(OC(CCCCC/C=C\C/C=C\C/C=C\C/C=C\CCCCC)=O)CO/C=C\CCCCCCCCCCCCCCCC
PE(P-18:0_22:5),[C@](COP(=O)(O)OCCN)([H])(OC(CCCCC/C=C\C/C=C\C/C=C\C/C=C\C/C=C\CC)=O)CO/C=C\CCCCCCCCCCCCCCCC
PE(P-18:0_22:6),[C@](COP(=O)(O)OCCN)([H])(OC(CC/C=C\C/C=C\C/C=C\C/C=C\C/C=C\C/C=C\CC)=O)CO/C=C\CCCCCCCCCCCCCCCC
PE(P-20:0_20:4),[C@](COP(=O)(O)OCCN)([H])(OC(CCC/C=C\C/C=C\C/C=C\C/C=C\CCCCC)=O)CO/C=C\CCCCCCCCCCCCCCCCCC
SM(d16:1_16:0),[C@](COP(=O)([O-])OCC[N+](C)(C)C)([H])(NC(CCCCCCCCCCCCCCC)=O)[C@]([H])(O)/C=C/CCCCCCCCCCC
SM(d16:1_16:0);SM(d18:1_14:0),[C@](COP(=O)([O-])OCC[N+](C)(C)C)([H])(NC(CCCCCCCCCCCCCCC)=O)[C@]([H])(O)/C=C/CCCCCCCCCCC
SM(d16:1_20:0);SM(d18:1_18:0),[C@](COP(=O)([O-])OCC[N+](C)(C)C)([H])(NC(CCCCCCCCCCCCCCCCCCC)=O)[C@]([H])(O)/C=C/CCCCCCCCCCC
SM(d16:1_22:0),[C@](COP(=O)([O-])OCC[N+](C)(C)C)([H])(NC(CCCCCCCCCCCCCCCCCCCCC)=O)[C@]([H])(O)/C=C/CCCCCCCCCCC
SM(d16:1_22:0);SM(d18:1_20:0),[C@](COP(=O)([O-])OCC[N+](C)(C)C)([H])(NC(CCCCCCCCCCCCCCCCCCCCC)=O)[C@]([H])(O)/C=C/CCCCCCCCCCC
SM(d16:1_24:1);SM(d18:2_22:0);SM(d18:1_22:1),[C@](COP(=O)([O-])OCC[N+](C)(C)C)([H])(NC(CCCCCCCCCCCCC/C=C\CCCCCCCC)=O)[C@]([H])(O)/C=C/CCCCCCCCCCC
SM(d17:1_24:1);SM(d18:2_23:0),[C@](COP(=O)([O-])OCC[N+](C)(C)C)([H])(NC(CCCCCCCCCCCCC/C=C\CCCCCCCC)=O)[C@]([H])(O)/C=C/CCCCCCCCCCCC
SM(d18:0_16:0),[C@](COP(=O)([O-])OCC[N+](C)(C)C)([H])(NC(CCCCCCCCCCCCCCC)=O)[C@]([H])(O)CCCCCCCCCCCCCCC
SM(d18:0_18:0),[C@](COP(=O)([O-])OCC[N+](C)(C)C)([H])(NC(CCCCCCCCCCCCCCCCC)=O)[C@]([H])(O)CCCCCCCCCCCCCCC
SM(d18:1_12:0),O(P(=O)(OC[C@]([H])(NC(=O)CCCCCCCCCCC)[C@]([H])(O)/C=C/CCCCCCCCCCCCC)[O-])CC[N+](C)(C)C
SM(d18:1_15:0),[C@](COP(=O)([O-])OCC[N+](C)(C)C)([H])(NC(CCCCCCCCCCCCCC)=O)[C@]([H])(O)/C=C/CCCCCCCCCCCCC
SM(d18:1_16:0),[C@](COP(=O)([O-])OCC[N+](C)(C)C)([H])(NC(CCCCCCCCCCCCCCC)=O)[C@]([H])(O)/C=C/CCCCCCCCCCCCC
SM(d18:1_17:0),[C@](COP(=O)([O-])OCC[N+](C)(C)C)([H])(NC(CCCCCCCCCCCCCCCC)=O)[C@]([H])(O)/C=C/CCCCCCCCCCCCC
SM(d18:1_22:0),[C@](COP(=O)([O-])OCC[N+](C)(C)C)([H])(NC(CCCCCCCCCCCCCCCCCCCCC)=O)[C@]([H])(O)/C=C/CCCCCCCCCCCCC
SM(d18:1_23:0),[C@](COP(=O)([O-])OCC[N+](C)(C)C)([H])(NC(CCCCCCCCCCCCCCCCCCCCCC)=O)[C@]([H])(O)/C=C/CCCCCCCCCCCCC
SM(d18:1_24:0),[C@](COP(=O)([O-])OCC[N+](C)(C)C)([H])(NC(CCCCCCCCCCCCCCCCCCCCCCC)=O)[C@]([H])(O)/C=C/CCCCCCCCCCCCC
SM(d18:1_25:0),[C@](COP(=O)([O-])OCC[N+](C)(C)C)([H])(NC(CCCCCCCCCCCCCCCCCCCCCCCC)=O)[C@]([H])(O)/C=C/CCCCCCCCCCCCC
SM(d18:1_26:0),[C@](COP(=O)([O-])OCC[N+](C)(C)C)([H])(NC(CCCCCCCCCCCCCCCCCCCCCCCCC)=O)[C@]([H])(O)/C=C/CCCCCCCCCCCCC
SM(d18:1_26:1),[C@](COP(=O)([O-])OCC[N+](C)(C)C)([H])(NC(CCCCCCCCCCCCCCC/C=C\CCCCCCCC)=O)[C@]([H])(O)/C=C/CCCCCCCCCCCCC
SM(d18:2_14:0),[C@](COP(=O)([O-])OCC[N+](C)(C)C)([H])(NC(CCCCCCCCCCCCC)=O)[C@]([H])(O)/C=C/CCCCCCCC/C=C\CCC
SM(d18:2_16:0),[C@](COP(=O)([O-])OCC[N+](C)(C)C)([H])(NC(CCCCCCCCCCCCCCC)=O)[C@]([H])(O)/C=C/CCCCCCCC/C=C\CCC
SM(d18:2_18:0);SM(d18:1_18:1),[C@](COP(=O)([O-])OCC[N+](C)(C)C)([H])(NC(CCCCCCCCCCCCCCCCC)=O)[C@]([H])(O)/C=C/CCCCCCCC/C=C\CCC
SM(d18:2_18:1),[C@](COP(=O)([O-])OCC[N+](C)(C)C)([H])(NC(CCCCCCC/C=C\CCCCCCCC)=O)[C@]([H])(O)/C=C/CCCCCCCC/C=C\CCC
SM(d18:2_20:0),[C@](COP(=O)([O-])OCC[N+](C)(C)C)([H])(NC(CCCCCCCCCCCCCCCCCCC)=O)[C@]([H])(O)/C=C/CCCCCCCC/C=C\CCC
SM(d18:2_21:0),[C@](COP(=O)([O-])OCC[N+](C)(C)C)([H])(NC(CCCCCCCCCCCCCCCCCCCC)=O)[C@]([H])(O)/C=C/CCCCCCCC/C=C\CCC
SM(d18:2_24:0);SM(d18:1_24:1),[C@](COP(=O)([O-])OCC[N+](C)(C)C)([H])(NC(CCCCCCCCCCCCCCCCCCCCCCC)=O)[C@]([H])(O)/C=C/CCCCCCCC/C=C\CCC
SM(d18:2_24:1),[C@](COP(=O)([O-])OCC[N+](C)(C)C)([H])(NC(CCCCCCCCCCCCC/C=C\CCCCCCCC)=O)[C@]([H])(O)/C=C/CCCCCCCC/C=C\CCC
SM(d19:1_24:1),[C@](COP(=O)([O-])OCC[N+](C)(C)C)([H])(NC(CCCCCCCCCCCCC/C=C\CCCCCCCC)=O)[C@]([H])(O)/C=C/CCCCCCCCCCCCCC
SM(d20:1_19:0),[C@](COP(=O)([O-])OCC[N+](C)(C)C)([H])(NC(CCCCCCCCCCCCCCCCCC)=O)[C@]([H])(O)/C=C/CCCCCCCCCCCCCCC
TG(10:0_12:0_16:0);TG(10:0_14:0_14:0);TG(12:0_12:0_14:0),C(OC(=O)CCCCCCCCCCC)[C@]([H])(OC(CCCCCCCCCCCCC)=O)COC(CCCCCCCCC)=O
TG(10:0_16:0_16:0);TG(12:0_12:0_18:0);TG(12:0_14:0_16:0),C(OC(=O)CCCCCCCCCCCCCCC)[C@]([H])(OC(CCCCCCCCCCCCC)=O)COC(CCCCCCCCC)=O
TG(12:0_12:0_16:0);TG(12:0_14:0_14:0);TG(10:0_14:0_16:0),C(OC(=O)CCCCCCCCCCCCCCC)[C@]([H])(OC(CCCCCCCCCCC)=O)COC(CCCCCCCCCCC)=O
TG(12:0_12:0_18:1);TG(12:0_14:0_16:1);TG(12:0_14:1_16:0),C(OC(=O)CCCCCCC/C=C\CCCCCCCC)[C@]([H])(OC(CCCCCCCCCCC)=O)COC(CCCCCCCCCCC)=O
TG(12:0_14:0_18:0);TG(12:0_16:0_16:0);TG(14:0_14:0_16:0),C(OC(=O)CCCCCCCCCCCCCCCCC)[C@]([H])(OC(CCCCCCCCCCCCC)=O)COC(CCCCCCCCCCC)=O
TG(12:0_16:0_16:1);TG(12:0_14:0_18:1);TG(14:0_14:0_16:1);TG(14:0_14:1_16:0),C(OC(=O)CCCCCCC/C=C\CCCCCC)[C@]([H])(OC(CCCCCCCCCCCCCCC)=O)COC(CCCCCCCCCCC)=O
TG(12:0_16:0_18:1);TG(12:0_16:1_18:0);TG(14:0_14:0_18:1);TG(14:0_16:0_16:1),C(OC(=O)CCCCCCC/C=C\CCCCCCCC)[C@]([H])(OC(CCCCCCCCCCCCCCC)=O)COC(CCCCCCCCCCC)=O
TG(12:0_16:1_16:1);TG(12:0_14:0_18:2);TG(14:1_14:1_16:0);TG(10:0_16:1_18:1),C(OC(=O)CCCCCCC/C=C\CCCCCC)[C@]([H])(OC(CCCCCCC/C=C\CCCCCC)=O)COC(CCCCCCCCCCC)=O
TG(12:0_16:1_18:2);TG(14:0_14:1_18:2);TG(14:1_16:1_16:1),C(OC(=O)CCCCCCC/C=C\C/C=C\CCCCC)[C@]([H])(OC(CCCCCCC/C=C\CCCCCC)=O)COC(CCCCCCCCCCC)=O
TG(12:0_18:2_18:2),C(OC(=O)CCCCCCC/C=C\C/C=C\CCCCC)[C@]([H])(OC(CCCCCCC/C=C\C/C=C\CCCCC)=O)COC(CCCCCCCCCCC)=O
TG(14:0_14:0_18:2);TG(12:0_16:0_18:2);TG(12:0_16:1_18:1);TG(14:0_14:1_18:1);TG(14:0_16:1_16:1),C(OC(=O)CCCCCCC/C=C\C/C=C\CCCCC)[C@]([H])(OC(CCCCCCCCCCCCC)=O)COC(CCCCCCCCCCCCC)=O
TG(14:0_16:0_18:1);TG(16:0_16:0_16:1),C(OC(=O)CCCCCCC/C=C\CCCCCCCC)[C@]([H])(OC(CCCCCCCCCCCCCCC)=O)COC(CCCCCCCCCCCCC)=O
TG(14:0_16:0_18:2);TG(14:0_16:1_18:1);TG(16:0_16:1_16:1),C(OC(=O)CCCCCCC/C=C\C/C=C\CCCCC)[C@]([H])(OC(CCCCCCCCCCCCCCC)=O)COC(CCCCCCCCCCCCC)=O
TG(14:0_16:0_18:3);TG(14:1_16:0_18:2);TG(14:0_16:1_18:2),C(OC(=O)CCCC/C=C\C/C=C\C/C=C\CCCCC)[C@]([H])(OC(CCCCCCCCCCCCCCC)=O)COC(CCCCCCCCCCCCC)=O
TG(14:0_18:2_18:3);TG(14:1_18:2_18:2);TG(16:1_16:1_18:3),C(OC(=O)CCCC/C=C\C/C=C\C/C=C\CCCCC)[C@]([H])(OC(CCCCCCC/C=C\C/C=C\CCCCC)=O)COC(CCCCCCCCCCCCC)=O
TG(14:0_18:2_22:6),C(OC(=O)CC/C=C\C/C=C\C/C=C\C/C=C\C/C=C\C/C=C\CC)[C@]([H])(OC(CCCCCCC/C=C\C/C=C\CCCCC)=O)COC(CCCCCCCCCCCCC)=O
TG(15:0_16:0_18:1);TG(16:0_16:0_17:1);TG(16:0_16:1_17:0),C(OC(=O)CCCCCCC/C=C\CCCCCCCC)[C@]([H])(OC(CCCCCCCCCCCCCCC)=O)COC(CCCCCCCCCCCCCC)=O
TG(15:0_16:0_18:2),C(OC(=O)CCCCCCC/C=C\C/C=C\CCCCC)[C@]([H])(OC(CCCCCCCCCCCCCCC)=O)COC(CCCCCCCCCCCCCC)=O
TG(15:0_16:0_18:3);TG(15:0_16:1_18:2),C(OC(=O)CCCC/C=C\C/C=C\C/C=C\CCCCC)[C@]([H])(OC(CCCCCCCCCCCCCCC)=O)COC(CCCCCCCCCCCCCC)=O
TG(15:0_18:1_18:1);TG(16:0_17:1_18:1);TG(16:0_17:0_18:2),C(OC(=O)CCCCCCC/C=C\CCCCCCCC)[C@]([H])(OC(CCCCCCC/C=C\CCCCCCCC)=O)COC(CCCCCCCCCCCCCC)=O
TG(15:0_18:2_18:2),C(OC(=O)CCCCCCC/C=C\C/C=C\CCCCC)[C@]([H])(OC(CCCCCCC/C=C\C/C=C\CCCCC)=O)COC(CCCCCCCCCCCCCC)=O
TG(16:0_16:0_16:0),C(OC(=O)CCCCCCCCCCCCCCC)[C@]([H])(OC(CCCCCCCCCCCCCCC)=O)COC(CCCCCCCCCCCCCCC)=O
TG(16:0_16:0_18:0),C(OC(=O)CCCCCCCCCCCCCCCCC)[C@]([H])(OC(CCCCCCCCCCCCCCC)=O)COC(CCCCCCCCCCCCCCC)=O
TG(16:0_16:0_18:1),C(OC(=O)CCCCCCCCC/C=C/CCCCCC)[C@]([H])(OC(CCCCCCCCCCCCCCC)=O)COC(CCCCCCCCCCCCCCC)=O
TG(16:0_16:0_18:2);TG(16:0_16:1_18:1),C(OC(=O)CCCCCCC/C=C\C/C=C\CCCCC)[C@]([H])(OC(CCCCCCCCCCCCCCC)=O)COC(CCCCCCCCCCCCCCC)=O
TG(16:0_16:1_18:2);TG(14:0_18:1_18:2);TG(16:0_16:0_18:3);TG(16:1_16:1_18:1),C(OC(=O)CCCCCCC/C=C\C/C=C\CCCCC)[C@]([H])(OC(CCCCCCC/C=C\CCCCCC)=O)COC(CCCCCCCCCCCCCCC)=O
TG(16:0_17:1_18:2);TG(15:0_18:1_18:2);TG(15:0_16:0_20:3);TG(16:1_17:1_18:1),C(OC(=O)CCCCCCC/C=C\C/C=C\CCCCC)[C@]([H])(OC(CCCCCCC/C=C\CCCCCCC)=O)COC(CCCCCCCCCCCCCCC)=O
TG(16:0_18:0_18:1),C(OC(=O)CCCCCCC/C=C\CCCCCCCC)[C@]([H])(OC(CCCCCCCCCCCCCCCCC)=O)COC(CCCCCCCCCCCCCCC)=O
TG(16:0_18:1_18:1),C(OC(=O)CCCCCCC/C=C\CCCCCCCC)[C@]([H])(OC(CCCCCCC/C=C\CCCCCCCC)=O)COC(CCCCCCCCCCCCCCC)=O
TG(16:0_18:1_20:1);TG(18:0_18:1_18:1),C(OC(=O)CCCCCCCCC/C=C\CCCCCCCC)[C@]([H])(OC(CCCCCCC/C=C\CCCCCCCC)=O)COC(CCCCCCCCCCCCCCC)=O
TG(16:0_18:1_22:0),C(OC(=O)CCCCCCCCCCCCCCCCCCCCC)[C@]([H])(OC(CCCCCCC/C=C\CCCCCCCC)=O)COC(CCCCCCCCCCCCCCC)=O
TG(16:0_18:1_22:6);TG(18:1_18:2_20:4),C(OC(=O)CC/C=C\C/C=C\C/C=C\C/C=C\C/C=C\C/C=C\CC)[C@]([H])(OC(CCCCCCC/C=C\CCCCCCCC)=O)COC(CCCCCCCCCCCCCCC)=O
TG(16:0_18:1_24:0),C(OC(=O)CCCCCCCCCCCCCCCCCCCCCCC)[C@]([H])(OC(CCCCCCC/C=C\CCCCCCCC)=O)COC(CCCCCCCCCCCCCCC)=O
TG(16:0_18:2_18:2);TG(16:1_18:1_18:2),C(OC(=O)CCCCCCC/C=C\C/C=C\CCCCC)[C@]([H])(OC(CCCCCCC/C=C\C/C=C\CCCCC)=O)COC(CCCCCCCCCCCCCCC)=O
TG(16:0_18:2_18:3);TG(16:1_18:2_18:2);TG(16:1_18:2_18:2),C(OC(=O)CCCC/C=C\C/C=C\C/C=C\CCCCC)[C@]([H])(OC(CCCCCCC/C=C\C/C=C\CCCCC)=O)COC(CCCCCCCCCCCCCCC)=O
TG(16:0_20:1_20:1);TG(18:0_18:1_20:1);TG(16:0_18:1_22:1);TG(18:1_18:1_20:0),C(OC(=O)CCCCCCCCC/C=C\CCCCCCCC)[C@]([H])(OC(CCCCCCCCC/C=C\CCCCCCCC)=O)COC(CCCCCCCCCCCCCCC)=O
TG(16:0_20:3_22:4);TG(18:1_18:2_22:4);TG(18:2_18:2_22:3),C(OC(=O)CCCCC/C=C\C/C=C\C/C=C\C/C=C\CCCCC)[C@]([H])(OC(CCCCCC/C=C\C/C=C\C/C=C\CCCCC)=O)COC(CCCCCCCCCCCCCCC)=O
TG(16:1_16:1_18:2);TG(14:0_18:1_18:3);TG(14:0_18:2_18:2);TG(16:0_16:1_18:3),C(OC(=O)CCCCCCC/C=C\C/C=C\CCCCC)[C@]([H])(OC(CCCCCCC/C=C\CCCCCC)=O)COC(CCCCCCC/C=C\CCCCCC)=O
TG(16:1_18:1_18:1);TG(16:0_18:1_18:2),C(OC(=O)CCCCCCC/C=C\CCCCCCCC)[C@]([H])(OC(CCCCCCC/C=C\CCCCCCCC)=O)COC(CCCCCCC/C=C\CCCCCC)=O
TG(16:1_18:2_18:3);TG(14:0_18:2_20:4),C(OC(=O)CCCC/C=C\C/C=C\C/C=C\CCCCC)[C@]([H])(OC(CCCCCCC/C=C\C/C=C\CCCCC)=O)COC(CCCCCCC/C=C\CCCCCC)=O
TG(16:1_18:2_20:4);TG(18:2_18:2_18:3);TG(18:2_18:2_18:3),C(OC(=O)CCC/C=C\C/C=C\C/C=C\C/C=C\CCCCC)[C@]([H])(OC(CCCCCCC/C=C\C/C=C\CCCCC)=O)COC(CCCCCCC/C=C\CCCCCC)=O
TG(17:0_18:0_18:1),C(OC(=O)CCCCCCC/C=C\CCCCCCCC)[C@]([H])(OC(CCCCCCCCCCCCCCCCC)=O)COC(CCCCCCCCCCCCCCCC)=O
TG(17:0_18:1_18:1);TG(16:0_18:1_19:1),C(OC(=O)CCCCCCC/C=C\CCCCCCCC)[C@]([H])(OC(CCCCCCC/C=C\CCCCCCCC)=O)COC(CCCCCCCCCCCCCCCC)=O
TG(17:0_18:2_18:2);TG(17:1_18:1_18:2),C(OC(=O)CCCCCCC/C=C\C/C=C\CCCCC)[C@]([H])(OC(CCCCCCC/C=C\C/C=C\CCCCC)=O)COC(CCCCCCCCCCCCCCCC)=O
TG(17:1_18:1_18:1);TG(16:0_18:2_19:1);TG(17:0_18:1_18:2);TG(16:0_17:0_20:3),C(OC(=O)CCCCCCC/C=C\CCCCCCCC)[C@]([H])(OC(CCCCCCC/C=C\CCCCCCCC)=O)COC(CCCCCCC/C=C\CCCCCCC)=O
TG(17:1_18:2_18:2),C(OC(=O)CCCCCCC/C=C\C/C=C\CCCCC)[C@]([H])(OC(CCCCCCC/C=C\C/C=C\CCCCC)=O)COC(CCCCCCC/C=C\CCCCCCC)=O
TG(18:0_18:0_18:1);TG(16:0_18:1_20:0),C(OC(=O)CCCCCCC/C=C\CCCCCCCC)[C@]([H])(OC(CCCCCCCCCCCCCCCCC)=O)COC(CCCCCCCCCCCCCCCCC)=O
TG(18:0_18:2_20:4);TG(16:0_18:2_22:4),C(OC(=O)CCC/C=C\C/C=C\C/C=C\C/C=C\CCCCC)[C@]([H])(OC(CCCCCCC/C=C\C/C=C\CCCCC)=O)COC(CCCCCCCCCCCCCCCCC)=O
TG(18:1_18:1_18:1);TG(18:0_18:1_18:2);TG(16:0_18:1_20:2),C(OC(=O)CCCCCCC/C=C\CCCCCCCC)[C@]([H])(OC(CCCCCCC/C=C\CCCCCCCC)=O)COC(CCCCCCC/C=C\CCCCCCCC)=O
TG(18:1_18:1_18:2);TG(16:0_18:0_20:4),C(OC(=O)CCCCCCC/C=C\C/C=C\CCCCC)[C@]([H])(OC(CCCCCCC/C=C\CCCCCCCC)=O)COC(CCCCCCC/C=C\CCCCCCCC)=O
TG(18:1_18:1_20:1);TG(18:0_18:2_20:1),C(OC(=O)CCCCCCCCC/C=C\CCCCCCCC)[C@]([H])(OC(CCCCCCC/C=C\CCCCCCCC)=O)COC(CCCCCCC/C=C\CCCCCCCC)=O
TG(18:1_18:1_20:2);TG(18:1_18:2_20:1),C(OC(=O)CCCCCCCCC/C=C\C/C=C\CCCCC)[C@]([H])(OC(CCCCCCC/C=C\CCCCCCCC)=O)COC(CCCCCCC/C=C\CCCCCCCC)=O
TG(18:1_18:1_20:3);TG(16:0_18:1_22:4);TG(18:0_18:1_20:4),C(OC(=O)CCCCCC/C=C\C/C=C\C/C=C\CCCCC)[C@]([H])(OC(CCCCCCC/C=C\CCCCCCCC)=O)COC(CCCCCCC/C=C\CCCCCCCC)=O
TG(18:1_18:1_22:0);TG(16:0_18:2_24:0),C(OC(=O)CCCCCCCCCCCCCCCCCCCCC)[C@]([H])(OC(CCCCCCC/C=C\CCCCCCCC)=O)COC(CCCCCCC/C=C\CCCCCCCC)=O
TG(18:1_18:2_18:2),C(OC(=O)CCCCCCC/C=C\C/C=C\CCCCC)[C@]([H])(OC(CCCCCCC/C=C\C/C=C\CCCCC)=O)COC(CCCCCCC/C=C\CCCCCCCC)=O
TG(18:1_18:2_22:0),C(OC(=O)CCCCCCCCCCCCCCCCCCCCC)[C@]([H])(OC(CCCCCCC/C=C\C/C=C\CCCCC)=O)COC(CCCCCCC/C=C\CCCCCCCC)=O
TG(18:1_18:2_22:5);TG(18:1_18:1_22:6),C(OC(=O)CCCCC/C=C\C/C=C\C/C=C\C/C=C\C/C=C\CC)[C@]([H])(OC(CCCCCCC/C=C\C/C=C\CCCCC)=O)COC(CCCCCCC/C=C\CCCCCCCC)=O
TG(18:2_18:2_20:4);TG(16:0_18:2_22:6),C(OC(=O)CCC/C=C\C/C=C\C/C=C\C/C=C\CCCCC)[C@]([H])(OC(CCCCCCC/C=C\C/C=C\CCCCC)=O)COC(CCCCCCC/C=C\C/C=C\CCCCC)=O
TG(18:2_18:2_22:5);TG(18:1_18:2_22:6);TG(18:1_20:4_20:4),C(OC(=O)CCCCC/C=C\C/C=C\C/C=C\C/C=C\C/C=C\CC)[C@]([H])(OC(CCCCCCC/C=C\C/C=C\CCCCC)=O)COC(CCCCCCC/C=C\C/C=C\CCCCC)=O
TG(18:2_18:2_22:6);TG(18:2_20:4_20:4),C(OC(=O)CC/C=C\C/C=C\C/C=C\C/C=C\C/C=C\C/C=C\CC)[C@]([H])(OC(CCCCCCC/C=C\C/C=C\CCCCC)=O)COC(CCCCCCC/C=C\C/C=C\CCCCC)=O
TG(18:2_18:3_18:3),C(OC(=O)CCCC/C=C\C/C=C\C/C=C\CCCCC)[C@]([H])(OC(CCCC/C=C\C/C=C\C/C=C\CCCCC)=O)COC(CCCCCCC/C=C\C/C=C\CCCCC)=O
TG(18:2_18:3_20:4);TG(16:0_18:3_22:6);TG(18:2_18:2_20:5),C(OC(=O)CCC/C=C\C/C=C\C/C=C\C/C=C\CCCCC)[C@]([H])(OC(CCCC/C=C\C/C=C\C/C=C\CCCCC)=O)COC(CCCCCCC/C=C\C/C=C\CCCCC)=O
TG(8:0_16:1_18:1);TG(12:0_12:0_18:2);TG(12:0_14:1_16:1),C(OC(=O)CCCCCCC/C=C\CCCCCCCC)[C@]([H])(OC(CCCCCC)=O)COC(CCCCCCC/C=C\CCCCCC)=O
Cer-(d18:0_24:0),[C@](CO)([H])(NC(CCCCCCCCCCCCCCCCCCCCC)=O)[C@]([H])(O)CCCCCCCCCCCCCCC
Cer-(d18:0_24:1),[C@](CO)([H])(NC(CCCCCCCCCCCCCCCCCCCCCCC)=O)[C@]([H])(O)CCCCCCCCCCCCCCC
Cer(d18:1_16:0),[C@](CO)([H])(NC(CCCCCCCCCCCCC/C=C\CCCCCCCC)=O)[C@]([H])(O)CCCCCCCCCCCCCCC
Cer(d18:1_20:0),[C@](CO)([H])(NC(CCCCCCCCCCCCCCC)=O)[C@]([H])(O)/C=C/CCCCCCCCCCCCC
Cer(d18:1_22:0),[C@](CO)([H])(NC(CCCCCCCCCCCCCCCCCCC)=O)[C@]([H])(O)/C=C/CCCCCCCCCCCCC
Cer-(d18:1_23:0),[C@](CO)([H])(NC(CCCCCCCCCCCCCCCCCCCCC)=O)[C@]([H])(O)/C=C/CCCCCCCCCCCCC
Cer-(d18:1_24:0),[C@](CO)([H])(NC(CCCCCCCCCCCCCCCCCCCCCC)=O)[C@]([H])(O)/C=C/CCCCCCCCCCCCC
Cer-(d18:1_24:1),[C@](CO)([H])(NC(CCCCCCCCCCCCCCCCCCCCCCC)=O)[C@]([H])(O)/C=C/CCCCCCCCCCCCC
Cer(d18:1_25:0),[C@](CO)([H])(NC(CCCCCCCCCCCCC/C=C\CCCCCCCC)=O)[C@]([H])(O)/C=C/CCCCCCCCCCCCC
Cer(d18:2_22:0),[C@](CO)([H])(NC(CCCCCCCCCCCCCCCCCCCCCCCC)=O)[C@]([H])(O)/C=C/CCCCCCCCCCCCC
Cer(d18:2_23:0),[C@](CO)([H])(NC(CCCCCCCCCCCCCCCCCCCCC)=O)[C@]([H])(O)/C=C/CCCCCCCC/C=C\CCC
GalCer-(d18:1_22:0),[C@](CO)([H])(NC(CCCCCCCCCCCCCCCCCCCCCC)=O)[C@]([H])(O)/C=C/CCCCCCCC/C=C\CCC
GalCer(d18:1_23:0),[C@](CO[C@@H]1OC(CO)[C@H](O)[C@H](O)C1O)([H])(NC(CCCCCCCCCCCCCCCCCCCCC)=O)[C@]([H])(O)/C=C/CCCCCCCCCCCCC
GalCer-(d18:1_24:0),[C@](CO[C@@H]1O[C@H](CO)[C@H](O)C(O)C1O)([H])(NC(CCCCCCCCCCCCCCCCCCCCCC)=O)[C@]([H])(O)/C=C/CCCCCCCCCCCCC
GalCer(d18:1_24:1),[C@](CO[C@@H]1OC(CO)[C@H](O)[C@H](O)C1O)([H])(NC(CCCCCCCCCCCCCCCCCCCCCCC)=O)[C@]([H])(O)/C=C/CCCCCCCCCCCCC
GalCer-(d18:1_24:1),[C@](CO[C@@H]1OC(CO)[C@H](O)[C@H](O)C1O)([H])(NC(CCCCCCCCCCCCC/C=C\CCCCCCCC)=O)[C@]([H])(O)/C=C/CCCCCCCCCCCCC
PE(16:0_0:0),[C@](COP(=O)(O)OCCN)([H])(O)COC(CCCCCCCCCCCCCCC)=O
PE(16:0_16:1),[C@](COP(=O)(O)OCCN)([H])(OC(CCCCCCC/C=C\CCCCCC)=O)COC(CCCCCCCCCCCCCCC)=O
PE(16:0_18:0),[C@](COP(=O)(O)OCCN)([H])(OC(CCCCCCCCCCCCCCCCC)=O)COC(CCCCCCCCCCCCCCC)=O
PE(16:0_18:1);PE(16:1_18:0),[C@](COP(=O)(O)OCCN)([H])(OC(CCCCCCC/C=C\CCCCCCCC)=O)COC(CCCCCCCCCCCCCCC)=O
PE(16:0_18:2),[C@](COP(=O)(O)OCCN)([H])COC(CCCCCCCCCCCCCCC)=O(OC(CCCCCCC/C=C\CCCCCCCC)=O)
PE(16:0_18:3),[C@](COP(=O)(O)OCCN)([H])(OC(CCCCCCC/C=C\C/C=C\CCCCC)=O)COC(CCCCCCCCCCCCCCC)=O
PE(16:0_19:1),[C@](COP(=O)(O)OCCN)([H])(OC(CCCCCCCCCCCCCCC)=O)COC(CCCC/C=C\C/C=C\C/C=C\CCCCC)=O
PE(16:0_20:2);PE(18:0_18:2),[C@](COP(=O)(O)OCCN)([H])(OC(CCCCCCCCCCCCCCC)=O)COC(CCCCCCC/C=C\CCCCCCCCC)=O
PE(16:0_20:3),[C@](COP(=O)(O)OCCN)([H])(OC(CCCCCCCCCCCCCCC)=O)COC(CCCCCCCCC/C=C\C/C=C\CCCCC)=O
PE(16:0_20:4),[C@](COP(=O)(O)OCCN)([H])(OC(CCCCCC/C=C\C/C=C\C/C=C\CCCCC)=O)COC(CCCCCCCCCCCCCCC)=O
PE(16:0_20:5),[C@](COP(=O)(O)OCCN)([H])(OC(CCC/C=C\C/C=C\C/C=C\C/C=C\CCCCC)=O)COC(CCCCCCCCCCCCCCC)=O
PE(16:0_22:4),[C@](COP(=O)(O)OCCN)([H])(OC(CCC/C=C\C/C=C\C/C=C\C/C=C\C/C=C\CC)=O)COC(CCCCCCCCCCCCCCC)=O
PE(16:0_22:6),[C@](COP(=O)(O)OCCN)([H])(OC(CCCCC/C=C\C/C=C\C/C=C\C/C=C\CCCCC)=O)COC(CCCCCCCCCCCCCCC)=O
PE(16:1_18:2),[C@](COP(=O)(O)OCCN)([H])(OC(CC/C=C\C/C=C\C/C=C\C/C=C\C/C=C\C/C=C\CC)=O)COC(CCCCCCCCCCCCCCC)=O
PE(16:1_20:4),[C@](COP(=O)(O)OCCN)([H])(OC(CCCCCCC/C=C\C/C=C\CCCCC)=O)COC(CCCCCCC/C=C\CCCCCC)=O
PE(17:0_18:1);PE(17:1_18:0),[C@](COP(=O)(O)OCCN)([H])(OC(CCC/C=C\C/C=C\C/C=C\C/C=C\CCCCC)=O)COC(CCCCCCC/C=C\CCCCCC)=O
PE(17:0_18:2),[C@](COP(=O)(O)OCCN)([H])(OC(CCCCCCC/C=C\CCCCCCCC)=O)COC(CCCCCCCCCCCCCCCC)=O
PE(17:0_20:4),[C@](COP(=O)(O)OCCN)([H])(OC(CCCCCCCCCCCCCCCC)=O)COC(CCCCCCC/C=C\C/C=C\CCCCC)=O
PE(18:0_0:0),[C@](COP(O)(=O)OCCN)([H])(OC(CCC/C=C\C/C=C\C/C=C\C/C=C\CCCCC)=O)COC(CCCCCCCCCCCCCCCC)=O
PE(18:0_18:1),[C@](COP(=O)(O)OCCN)([H])(O)COC(CCCCCCCCCCCCCCCCC)=O
PE(18:0_20:1);PE(18:1_20:0),[C@](COP(=O)(O)OCCN)([H])(OC(CCCCCCC/C=C\CCCCCCCC)=O)COC(CCCCCCCCCCCCCCCCC)=O
PE(18:0_20:2);PE(18:2_20:0),[C@](COP(=O)(O)OCCN)([H])COC(CCCCCCCCCCCCCCCCC)=O(OC(CCCCCCC/C=C\C/C=C\CCCCC)=O)
PE(18:0_20:3),[C@](COP(=O)(O)OCCN)([H])(OC(CCCCCCCCC/C=C\CCCCCCCC)=O)COC(CCCCCCCCCCCCCCCCC)=O
PE(18:0_20:4),[C@](COP(=O)(O)OCCN)([H])(OC(CCCCCCCCCCCCCCCCC)=O)COC(CCCCCCCCC/C=C\C/C=C\CCCCC)=O
PE(18:0_20:5),[C@](COP(=O)(O)OCCN)([H])COC(CCCCCCCCCCCCCCCCC)=O(OC(CCCCCC/C=C\C/C=C\C/C=C\CCCCC)=O)
PE(18:0_22:4);PE(20:0_20:4),[C@](COP(=O)(O)OCCN)([H])(OC(CCCCCC/C=C\C/C=C\C/C=C\CCCCC)=O)COC(CCCCCCCCCCCCCCCCC)=O
PE(18:0_22:6),[C@](COP(=O)(O)OCCN)([H])(OC(CCC/C=C\C/C=C\C/C=C\C/C=C\CCCCC)=O)COC(CCCCCCCCCCCCCCCCC)=O
PE(18:1_0:0),[C@](COP(=O)(O)OCCN)([H])COC(CCCCCCCCCCCCCCCCC)=O(OC(CCC/C=C\C/C=C\C/C=C\C/C=C\CCCCC)=O)
PE(18:1_16:0),[C@](COP(=O)(O)OCCN)([H])(OC(CCC/C=C\C/C=C\C/C=C\C/C=C\C/C=C\CC)=O)COC(CCCCCCCCCCCCCCCCC)=O
PE(18:1_18:2),[C@](COP(=O)(O)OCCN)([H])(OC(CCCCC/C=C\C/C=C\C/C=C\C/C=C\CCCCC)=O)COC(CCCCCCCCCCCCCCCCC)=O
PE(18:1_20:2);PE(18:2_20:1),[C@](COP(=O)(O)OCCN)([H])(OC(CCCCC/C=C\C/C=C\C/C=C\C/C=C\CCCCC)=O)COC(CCCCCCCCCCCCCCCCC)=O
PE(18:1_20:4),[C@](COP(=O)(O)OCCN)([H])(OC(CCCCCCCCCCCCCCCCC)=O)COC(CC/C=C\C/C=C\C/C=C\C/C=C\C/C=C\C/C=C\CC)=O
PE(18:1_22:6),[C@](COP(=O)(O)OCCN)([H])(O)COC(CCCCCCC/C=C\CCCCCCCC)=O
PE(18:2_0:0),[C@](COP(=O)(O)OCCN)([H])(OC(CCCCCCC/C=C\C/C=C\CCCCC)=O)COC(CCCCCCC/C=C\CCCCCCCC)=O
PE(18:2_18:0),[C@](COP(=O)(O)OCCN)([H])(OC(CCCCCCC/C=C\CCCCCCCC)=O)COC(CCCCCCCCC/C=C\C/C=C\CCCCC)=O
PE(18:2_18:2),[C@](COP(=O)(O)OCCN)([H])(OC(CCC/C=C\C/C=C\C/C=C\C/C=C\CCCCC)=O)COC(CCCCCCC/C=C\CCCCCCCC)=O
PE(18:2_20:2),[C@](COP(=O)(O)OCCN)([H])(OC(CC/C=C\C/C=C\C/C=C\C/C=C\C/C=C\C/C=C\CC)=O)COC(CCCCCCC/C=C\CCCCCCCC)=O
PE(20:0_22:6),[C@](COP(=O)(O)OCCN)([H])(O)COC(CCCCCCC/C=C\C/C=C\CCCCC)=O
PE(20:3_0:0),[C@](COP(=O)(O)OCCN)([H])(OC(CCCC/C=C\C/C=C\CCCCCCCC)=O)COC(CCCC/C=C\C/C=C\CCCCCCCC)=O
PE(20:3_18:0),[C@](COP(=O)(O)OCCN)([H])(OC(CCCCCCC/C=C\C/C=C\CCCCC)=O)COC(CCCCCCCCC/C=C\C/C=C\CCCCC)=O
PE(20:4_0:0),[C@](COP(=O)(O)OCCN)([H])(OC(CC/C=C\C/C=C\C/C=C\C/C=C\C/C=C\C/C=C\CC)=O)COC(CCCCCCCCCCCCCCCCCCC)=O
PE(20:4_18:0),C(OP(OCCN)(O)=O)[C@]([H])(O)COC(=O)CCCCCCCCC/C=C\C/C=C\C/C=C\CC
PE(22:4_18:0),[C@](COP(=O)(O)OCCN)([H])(O)COC(CCC/C=C\C/C=C\C/C=C\C/C=C\CCCCC)=O
PE(22:6_0:0),[C@](COP(=O)(O)OCCN)([H])(O)COC(CC/C=C\C/C=C\C/C=C\C/C=C\C/C=C\C/C=C\CC)=O
PE(O-16:0_20:4),[C@](COP(=O)(O)OCCN)([H])(OC(CCC/C=C\C/C=C\C/C=C\C/C=C\CCCCC)=O)COCCCCCCCCCCCCCCCC
PE(O-16:0_22:6),[C@](COP(=O)(O)OCCN)([H])(OC(CC/C=C\C/C=C\C/C=C\C/C=C\C/C=C\C/C=C\CC)=O)COCCCCCCCCCCCCCCCC
PE(O-18:0_20:4),[C@](COP(=O)(O)OCCN)([H])(OC(CCC/C=C\C/C=C\C/C=C\C/C=C\CCCCC)=O)COCCCCCCCCCCCCCCCCCC
PE(P-16:0_18:1),[C@](COP(=O)(O)OCCN)([H])(OC(CCCCCCC/C=C\CCCCCCCC)=O)CO/C=C\CCCCCCCCCCCCCC
PE(P-16:0_18:2),[C@](COP(=O)(O)OCCN)([H])(OC(CCCCCCC/C=C\C/C=C\CCCCC)=O)CO/C=C\CCCCCCCCCCCCCC
PE(P-16:0_20:4),[C@](COP(=O)(O)OCCN)([H])(OC(CCC/C=C\C/C=C\C/C=C\C/C=C\CCCCC)=O)CO/C=C\CCCCCCCCCCCCCC
PE(P-16:0_20:5),[C@](COP(=O)(O)OCCN)([H])(OC(CCC/C=C\C/C=C\C/C=C\C/C=C\C/C=C\CC)=O)CO/C=C\CCCCCCCCCCCCCC
PE(P-16:0_22:4),[C@](COP(=O)(O)OCCN)([H])(OC(CCCCC/C=C\C/C=C\C/C=C\C/C=C\CCCCC)=O)CO/C=C\CCCCCCCCCCCCCC
PE(P-16:0_22:6),[C@](COP(=O)(O)OCCN)([H])(OC(CC/C=C\C/C=C\C/C=C\C/C=C\C/C=C\C/C=C\CC)=O)CO/C=C\CCCCCCCCCCCCCC
PE(P-18:0_18:1),[C@](COP(=O)(O)OCCN)([H])(OC(CCCCCCC/C=C\CCCCCCCC)=O)CO/C=C\CCCCCCCCCCCCCCCC
PE(P-18:0_18:2),[C@](COP(=O)(O)OCCN)([H])(OC(CCCCCCC/C=C\C/C=C\CCCCC)=O)CO/C=C\CCCCCCCCCCCCCCCC
PE(P-18:0_20:3),[C@](COP(=O)(O)OCCN)([H])(OC(CCCCCC/C=C\C/C=C\C/C=C\CCCCC)=O)CO/C=C\CCCCCCCCCCCCCCCC
PE(P-18:0_20:4),[C@](COP(=O)(O)OCCN)([H])(OC(CCC/C=C\C/C=C\C/C=C\C/C=C\CCCCC)=O)CO/C=C\CCCCCCCCCCCCCCCC
PE(P-18:0_22:4),[C@](COP(=O)(O)OCCN)([H])(OC(CCCCC/C=C\C/C=C\C/C=C\C/C=C\CCCCC)=O)CO/C=C\CCCCCCCCCCCCCCCC
PE(P-18:0_22:6),[C@](COP(=O)(O)OCCN)([H])(OC(CC/C=C\C/C=C\C/C=C\C/C=C\C/C=C\C/C=C\CC)=O)CO/C=C\CCCCCCCCCCCCCCCC
PE(P-18:1_22:6),[C@](COP(=O)(O)OCCN)([H])(OC(CC/C=C\C/C=C\C/C=C\C/C=C\C/C=C\C/C=C\CC)=O)CO/C=C\CCCCCC/C=C\CCCCCCCC
PE(P-20:0_18:1),[C@](COP(=O)(O)OCCN)([H])(OC(CCCCCCC/C=C\CCCCCCCC)=O)CO/C=C\CCCCCCCCCCCCCCCCCC
PE(P-20:0_18:2),[C@](COP(=O)(O)OCCN)([H])(OC(CCCCCCC/C=C\C/C=C\CCCCC)=O)CO/C=C\CCCCCCCCCCCCCCCCCC
PE(P-20:0_20:4),[C@](COP(=O)(O)OCCN)([H])(OC(CCC/C=C\C/C=C\C/C=C\C/C=C\CCCCC)=O)CO/C=C\CCCCCCCCCCCCCCCCCC
PE(P-20:0_22:6),[C@](COP(=O)(O)OCCN)([H])(OC(CC/C=C\C/C=C\C/C=C\C/C=C\C/C=C\C/C=C\CC)=O)CO/C=C\CCCCCCCCCCCCCCCCCC
PG(16:0_18:1),[H][C@](O)(CO)COP(OC[C@]([H])(OC(CCCCCCCCCCCCCCC)=O)COC(CCCCCCC/C=C\CCCCCCCC)=O)(=O)O
PI(16:0_16:0),[C@]([H])(OC(CCCCCCCCCCCCCCC)=O)(COP(=O)(O)O[C@@H]1C(O)[C@H](O)C(O)C(O)C1O)COC(CCCCCCCCCCCCCCC)=O
PI(16:0_16:1),[C@]([H])(OC(CCCCCCC/C=C\CCCCCC)=O)(COP(=O)(O)O[C@@H]1C(O)[C@H](O)C(O)C(O)C1O)COC(CCCCCCCCCCCCCCC)=O
PI(16:0_18:1),[C@]([H])(OC(CCCCCCC/C=C\CCCCCCCC)=O)(COP(=O)(O)O[C@@H]1C(O)[C@H](O)C(O)C(O)C1O)COC(CCCCCCCCCCCCCCC)=O
PI(16:0_18:2),[C@]([H])(OC(CCCCCCC/C=C\C/C=C\CCCCC)=O)(COP(=O)(O)O[C@@H]1C(O)[C@H](O)C(O)C(O)C1O)COC(CCCCCCCCCCCCCCC)=O
PI(16:0_20:3);PI(18:2_18:1),[C@]([H])(OC(CCCCCC/C=C\C/C=C\C/C=C\CCCCC)=O)(COP(=O)(O)O[C@@H]1C(O)[C@H](O)C(O)C(O)C1O)COC(CCCCCCCCCCCCCCC)=O
PI(16:0_20:4),[C@]([H])(OC(CCC/C=C\C/C=C\C/C=C\C/C=C\CCCCC)=O)(COP(=O)(O)O[C@@H]1C(O)[C@H](O)C(O)C(O)C1O)COC(CCCCCCCCCCCCCCC)=O
PI(16:0_22:6),[C@]([H])(OC(CCCCCCCCCCCCCCC)=O)(COP(=O)(O)O[C@@H]1C(O)[C@H](O)C(O)C(O)C1O)COC(CC/C=C\C/C=C\C/C=C\C/C=C\C/C=C\C/C=C\CC)=O
PI(17:0_18:2),[C@]([H])(OC(CCCCCCCCCCCCCCCC)=O)(COP(=O)(O)O[C@@H]1C(O)[C@H](O)C(O)C(O)C1O)COC(CCCCCCC/C=C\C/C=C\CCCCC)=O
PI(17:0_20:4),[C@]([H])(OC(CCC/C=C\C/C=C\C/C=C\C/C=C\CCCCC)=O)(COP(=O)(O)O[C@@H]1C(O)[C@H](O)C(O)C(O)C1O)COC(CCCCCCCCCCCCCCCC)=O
PI(18:0_18:1),[C@]([H])(OC(CCCCCCC/C=C\CCCCCCCC)=O)(COP(=O)(O)O[C@@H]1C(O)[C@H](O)C(O)C(O)C1O)COC(CCCCCCCCCCCCCCCCC)=O
PI(18:0_18:2),[C@]([H])(OC(CCCCCCCCCCCCCCCCC)=O)(COP(=O)(O)O[C@@H]1C(O)[C@H](O)C(O)C(O)C1O)COC(CCCCCCC/C=C\C/C=C\CCCCC)=O
PI(18:0_20:3),[C@]([H])(OC(CCCCCC/C=C\C/C=C\C/C=C\CCCCC)=O)(COP(=O)(O)O[C@@H]1C(O)[C@H](O)C(O)C(O)C1O)COC(CCCCCCCCCCCCCCCCC)=O
PI(18:0_20:4),[C@]([H])(OC(CCCCCCCCCCCCCCCCC)=O)(COP(=O)(O)O[C@@H]1C(O)[C@H](O)C(O)C(O)C1O)COC(CCC/C=C\C/C=C\C/C=C\C/C=C\CCCCC)=O
PI(18:0_22:6),[C@]([H])(OC(CCCCCCCCCCCCCCCCC)=O)(COP(=O)(O)O[C@@H]1C(O)[C@H](O)C(O)C(O)C1O)COC(CC/C=C\C/C=C\C/C=C\C/C=C\C/C=C\C/C=C\CC)=O
PI(18:1_18:2),[C@]([H])(OC(CCCCCCC/C=C\CCCCCCCC)=O)(COP(=O)(O)O[C@@H]1C(O)[C@H](O)C(O)C(O)C1O)COC(CCCCCCC/C=C\C/C=C\CCCCC)=O
PI(18:1_20:4),[C@]([H])(OC(CCC/C=C\C/C=C\C/C=C\C/C=C\CCCCC)=O)(COP(=O)(O)O[C@@H]1C(O)[C@H](O)C(O)C(O)C1O)COC(CCCCCCC/C=C\CCCCCCCC)=O
PI(20:4_18:1),[C@]([H])(OC(CCC/C=C\C/C=C\C/C=C\C/C=C\CCCCC)=O)COC(CCCCCCC/C=C\CCCCCCCC)=O(COP(=O)(O)O[C@@H]1C(O)[C@H](O)C(O)C(O)C1O)
PS(18:0_20:4),C(O)(=O)[C@@]([H])(N)COP(OC[C@]([H])(OC(CCC/C=C\C/C=C\C/C=C\C/C=C\CCCCC)=O)COC(CCCCCCCCCCCCCCCCC)=O)(=O)O
